[
  {
    "id": 1,
    "type": "torta",
    "name": "Čokoladna torta",
    "picture": "images/chocolate_cake.jpg",
    "description": "Bogata čokoladna torta sa tri sloja.",
    "price": 2000,
    "composition": "Čokolada, brašno, jaja, šećer, maslac",
    "comments": [
      {
        "rating": 5,
        "text": "Preukusna torta!",
        "username": "Marija"
      },
      {
        "rating": 4,
        "text": "Malo preslatka, ali dobra.",
        "username": "Ivan"
      }
    ]
  },
  {
    "id": 2,
    "type": "kolac",
    "name": "Vanilin kolač",
    "picture": "images/vanilla_cake.jpg",
    "description": "Lagani vanilin kolač sa kremom.",
    "price": 1500,
    "composition": "Vanila, brašno, jaja, šećer, mleko",
    "promoPrice": 1000,
    "comments": [
      {
        "rating": 4,
        "text": "Odličan kolač za svaku priliku.",
        "username": "Ana"
      },
      {
        "rating": 5,
        "text": "Savršen ukus vanile!",
        "username": "Marko"
      }
    ]
  },
  {
    "id": 3,
    "type": "torta",
    "name": "Voćna torta",
    "picture": "images/fruit_cake.jpg",
    "description": "Osvežavajuća voćna torta sa sezonskim voćem.",
    "price": 2200,
    "composition": "Voće, brašno, jaja, šećer, maslac",
    "comments": [
      {
        "rating": 5,
        "text": "Najbolja voćna torta ikada!",
        "username": "Sanja"
      },
      {
        "rating": 4,
        "text": "Vrlo ukusna, ali malo skupa.",
        "username": "Nikola"
      }
    ]
  },
  {
    "id": 4,
    "type": "kolac",
    "name": "Cheesecake",
    "picture": "images/cheesecake.jpg",
    "description": "Klasični cheesecake sa voćnim prelivom.",
    "price": 1800,
    "composition": "Krem sir, keks, šećer, voće",
    "promoPrice": 1500,
    "comments": [
      {
        "rating": 5,
        "text": "Savršen balans ukusa.",
        "username": "Jelena"
      },
      {
        "rating": 5,
        "text": "Obožavam cheesecake!",
        "username": "Milan"
      }
    ]
  },
  {
    "id": 5,
    "type": "torta",
    "name": "Tiramisu",
    "picture": "images/tiramisu.jpg",
    "description": "Italijanska torta sa maskarpone sirom i kafom.",
    "price": 2100,
    "composition": "Maskarpone, jaja, kava, kakao, šećer, piškote",
    "comments": [
      {
        "rating": 5,
        "text": "Pravi italijanski tiramisu!",
        "username": "Petar"
      },
      {
        "rating": 4,
        "text": "Odličan, ali bih voleo više kafe.",
        "username": "Dusan"
      }
    ]
  },
  {
    "id": 6,
    "type": "kolac",
    "name": "Lemon Cake",
    "picture": "images/lemon_cake.jpg",
    "description": "Osvježavajući kolač sa limunom.",
    "price": 1600,
    "composition": "Limun, brašno, jaja, šećer, maslac",
    "comments": [
      {
        "rating": 4,
        "text": "Ukusan i lagan.",
        "username": "Tanja"
      },
      {
        "rating": 5,
        "text": "Odličan za letnje dane!",
        "username": "Igor"
      }
    ]
  },
  {
    "id": 7,
    "type": "torta",
    "name": "Kokos torta",
    "picture": "images/coconut_cake.jpg",
    "description": "Egzotična torta sa kokosom.",
    "price": 2000,
    "promoPrice": 1800,
    "composition": "Kokos, brašno, jaja, šećer, mleko",
    "comments": [
      {
        "rating": 5,
        "text": "Kokos raj!",
        "username": "Mira"
      },
      {
        "rating": 4,
        "text": "Malo preslatka, ali dobra.",
        "username": "Svetlana"
      }
    ]
  },
  {
    "id": 8,
    "type": "kolac",
    "name": "Brownie",
    "picture": "images/brownie.jpg",
    "description": "Čokoladni brownie sa orasima.",
    "price": 1400,
    "promoPrice": 1000,
    "composition": "Čokolada, brašno, jaja, šećer, orasi",
    "comments": [
      {
        "rating": 5,
        "text": "Najbolji brownie ikada!",
        "username": "Aleksandar"
      },
      {
        "rating": 5,
        "text": "Savršeno čokoladno iskustvo.",
        "username": "Nina"
      }
    ]
  },
  {
    "id": 9,
    "type": "torta",
    "name": "Kafa torta",
    "picture": "images/coffee_cake.jpg",
    "description": "Torta sa ukusom kafe i čokolade.",
    "price": 1900,
    "composition": "Kafa, čokolada, brašno, jaja, šećer, maslac",
    "comments": [
      {
        "rating": 5,
        "text": "Za ljubitelje kafe, savršeno!",
        "username": "Milica"
      },
      {
        "rating": 4,
        "text": "Malo jaka, ali dobra.",
        "username": "Vladimir"
      }
    ]
  },
  {
    "id": 10,
    "type": "kolac",
    "name": "Carrot Cake",
    "picture": "images/carrot_cake.jpg",
    "description": "Kolač sa šargarepom i krem sirom.",
    "price": 1700,
    "composition": "Šargarepa, brašno, jaja, šećer, krem sir",
    "comments": [
      {
        "rating": 5,
        "text": "Iznenađujuće ukusan!",
        "username": "Jovana"
      },
      {
        "rating": 4,
        "text": "Moglo bi biti više krem sira.",
        "username": "Milos"
      }
    ]
  }
]
